"Estado","year","gdp","gdp_mp","gov","deflator","pop","gov_real","govpc","gdppc","gdppc_mp"
"Aguascalientes",2005,185650.542,0,3290.445,54.395626272936,1103237,60.4909847620806,54.8304532589829,168278.023670345,0
"Aguascalientes",2006,200318.265,0,3982.599,56.668478533398,1121072,70.2789117172579,62.689025965556,178684.567092925,0
"Aguascalientes",2007,219091.899,0,4059.739,59.215493859953,1119581,68.5587290650897,61.2360597983439,195690.976356333,0
"Aguascalientes",2008,218472.947,0,4935.054,61.354990556337,1144463,80.4344350027821,70.2813765082682,190895.596450038,0
"Aguascalientes",2009,201960.396,0,4266.427,66.168453640782,1169939,64.4782636626474,55.1125004488673,172624.723169328,0
"Aguascalientes",2010,219912.906,0,4820.431278,67.634997283879,1193378,71.2712570648534,59.72228167844,184277.660556839,0
"Aguascalientes",2011,230510.398,0,5260.119898,69.302330561244,1213835,75.9010534768598,62.5299595718198,189902.579839929,0
"Aguascalientes",2012,242758.409,0,5550.876782,73.010240811061,1234543,76.0287422741803,61.5845234019231,196638.277484057,0
"Aguascalientes",2013,251657.007,0,5921.017322,74.839643944426,1255624,79.1160541383227,63.0093516357784,200423.858575497,0
"Aguascalientes",2014,277675.258,0,6405.5335535,76.623712725604,1276766,83.5972745987754,65.4757994799168,217483.280413169,0
"Aguascalientes",2015,294497.175,0,7011.0811537,81.534360049464,1298071,85.989282916388,66.2438979966334,226872.932990568,0
"Aguascalientes",2016,307395.841,0,7803.0874688,89.029459575545,1319766,87.646128663499,66.4103550655942,232916.926940079,0
"Aguascalientes",2017,314242.379,0,8207.1743289,94.35760858977,1341843,86.979465159843,64.8208957082483,234187.143354327,0
"Aguascalientes",2018,327926.307,0,9225.5088316,100,1377917,92.255088316,66.9525728443731,237986.981073606,0
"Aguascalientes",2019,329358.364,0,9254.2926625,104.053407005629,1418786,88.9379111055861,62.6859238148573,232140.974044007,0
"Aguascalientes",2020,307125.683,0,9246.316791,113.411974080982,1436581,81.5285763776376,56.7518130739844,213789.325488782,0
"Aguascalientes",2021,315233.12,0,10333.09521,117.397965670612,1466855,88.0176683724824,60.0043415146571,214904.077090101,0
"Aguascalientes",2022,314592.145,0,11944.303348,121.834613194172,1473007,98.037027695602,66.5557106623404,213571.384928924,0
"Aguascalientes",2023,334210.747,0,12118.406724,126.711688598093,1491953,95.6376389429821,64.1023135065127,224008.897733374,0
"Baja California",2005,716802.171,0,8158.057,54.604387491455,2937262,149.402957798522,50.8647025013506,244037.532572852,0
"Baja California",2006,772686.808,0,9269.625,56.931261727973,3001827,162.821351901382,54.2407513495556,257405.509378122,0
"Baja California",2007,778767.048,0,9551.548,59.60515679138,2972954,160.247007376069,53.9016101076803,261950.587866479,0
"Baja California",2008,756707.319,0,11947.564,61.948726968769,3042173,192.862139136826,63.3961773826888,248739.081899682,0
"Baja California",2009,658790.712,0,10707.475,67.354686536625,3112944,158.971491823033,51.0678932300204,211629.477433581,0
"Baja California",2010,686065.865,0,12393.397521,67.828118077264,3184383,182.717696912695,57.3793092453687,215447.03165417,0
"Baja California",2011,698850.507,0,12877.745261,69.221786083644,3255976,186.036015387398,57.1367895179198,214636.258682496,0
"Baja California",2012,726418.106,0,13728.009202,72.766654855379,3329076,188.657967434176,56.6697688590395,218204.122104752,0
"Baja California",2013,733753.711,0,14767.317968,73.382497141469,3403891,201.237604922753,59.1198733810081,215563.221912805,0
"Baja California",2014,760856.967,0,16315.129598,77.590245552684,3479005,210.272947092582,60.4405417907081,218699.589968971,0
"Baja California",2015,795080.747,0,17230.278484,84.649794569859,3555360,203.547788527477,57.2509643263908,223628.759675532,0
"Baja California",2016,828692.247,0,19901.886451,91.347948860441,3633385,217.86900197842,59.9630928124654,228077.191654614,0
"Baja California",2017,863600.649,0,22883.871009,95.354572504496,3713198,239.987138612792,64.6308488297128,232575.976018516,0
"Baja California",2018,878816.868,0,24633.384942,100,3748845,246.33384942,65.7092649656094,234423.367197097,0
"Baja California",2019,893946.249,0,24471.652098,104.662332108516,3766220,233.81527627941,62.0822140712464,237359.009563966,0
"Baja California",2020,839693.34,0,25972.46628,109.824596560454,3785407,236.490431956226,62.4742417278316,221823.793319979,0
"Baja California",2021,896313.559,0,28279.89748,114.48291757907,3800768,247.022857890287,64.9928798312043,235824.327872683,0
"Baja California",2022,919233.204,0,33746.680104,124.299599712893,3797115,271.494680449076,71.5002522833984,242087.269940468,0
"Baja California",2023,951065.688,0,36122.000943,131.391829898504,3791901,274.918166303819,72.5014092677575,250815.010202007,0
"Baja California Sur",2005,117708.462,0,1957.939,54.861866260728,553546,35.6885234398517,64.4725523079413,212644.408956076,0
"Baja California Sur",2006,126685.37,0,2319.171,56.836517113223,572287,40.8042420224311,71.3003126445841,221366.849150863,0
"Baja California Sur",2007,137545.255,0,2510.511,59.761111352042,575364,42.009108318134,73.013098348409,239057.80514596,0
"Baja California Sur",2008,142084.054,0,2953.064,63.373471170804,598475,46.5977947150932,77.8608876145088,237410.17419274,0
"Baja California Sur",2009,134464.676,0,2737.437,67.959225216889,622552,40.2805798810034,64.7023539897124,215989.469152778,0
"Baja California Sur",2010,138668.832,0,2982.089769,69.46615083626,642408,42.9286743701856,66.8246260479097,215857.884708783,0
"Baja California Sur",2011,144956.375,0,3300.256925,71.353726250398,655380,46.2520613628303,70.572891090406,221179.125087735,0
"Baja California Sur",2012,147269.702,0,3354.663948,74.089533365118,668664,45.278513652772,67.7148966487982,220244.699879162,0
"Baja California Sur",2013,145215.69,0,3570.431817,76.632352881428,682221,46.5917028872188,68.2941493844646,212857.255933195,0
"Baja California Sur",2014,147613.684,0,3901.4885878,80.863456398798,695790,48.2478583225388,69.3425578443766,212152.638008595,0
"Baja California Sur",2015,156072.034,0,4122.8498354,85.192324718469,709584,48.3946159354682,68.2013911467398,219948.637511556,0
"Baja California Sur",2016,163094.648,0,4440.5301396,90.941870146469,723656,48.8282254636745,67.4743600048566,225375.935527378,0
"Baja California Sur",2017,170784.403,0,5353.643275,96.132980012232,737939,55.6899752230587,75.4669088136807,231434.309610957,0
"Baja California Sur",2018,184618.103,0,6095.6528108,100,763493,60.956528108,79.8390137276963,241807.197970381,0
"Baja California Sur",2019,177860.75,0,6675.360762,104.049557870413,787260,64.1555898806772,81.4922514552716,225923.773594492,0
"Baja California Sur",2020,151931.29,0,6330.405778,107.840492238301,812841,58.7015660500822,72.2177720490012,186913.910592601,0
"Baja California Sur",2021,171064.575,0,6740.18843,113.874012196856,833118,59.1898739665738,71.0462070998032,205330.547413452,0
"Baja California Sur",2022,178120.33,0,7913.141694,123.326417596464,836796,64.1642062440553,76.6784332669555,212859.920458511,0
"Baja California Sur",2023,181154.954,0,9460.194986,130.152666429426,856930,72.6853720751829,84.820664552744,211399.94398609,0
"Campeche",2005,985831.295,837937.252,2835.098,53.237254351922,773179,53.2540236064531,68.8767072132754,1275036.30465908,1083755.83403067
"Campeche",2006,959641.063,799663.227,3353.88,61.257845841055,786802,54.7502112415489,69.5857550458043,1219672.88212282,1016346.20527147
"Campeche",2007,897799.855,745185.903,3382.723,70.735440472977,787320,47.8221804710794,60.7404619101247,1140323.95341157,946484.152568206
"Campeche",2008,828677.168,682852.234,6009.969,86.898656051786,800764,69.1606668395245,86.368351773462,1034858.17044722,852750.915375816
"Campeche",2009,753908.784,611279.016,4906.101,68.288635167302,814399,71.8435942961874,88.2167024961811,925724.103295805,750589.104357937
"Campeche",2010,730232.324,581443.8,5625.822465,81.029953968458,824735,69.4289233730767,84.1833114552877,885414.495565242,705006.820372605
"Campeche",2011,711663.191,564306.088,5979.106419,106.396114141584,830187,56.1966615720895,67.6915701788747,857232.39583371,679733.708188637
"Campeche",2012,691262.004,540981.127,6752.552211,107.567167831779,835784,62.7752161473667,75.1093777188445,827082.121696515,647273.849463498
"Campeche",2013,692549.897,540875.411,6931.299142,98.14183843565,841338,70.6253240461227,83.9440558326412,823152.997962769,642875.290311385
"Campeche",2014,685992.025,534342.355,7010.1433206,99.595923728122,846804,70.3858457072637,83.1194062702393,810095.399880019,631010.664805551
"Campeche",2015,700310.741,534514.087,8442.1073452,65.958528401323,852316,127.991141552374,150.168648191954,821656.217881631,627131.35386406
"Campeche",2016,663239.242,505880.478,7959.9479022,66.17063816619,857872,120.294259248464,140.224018558089,773121.4470224,589692.259451293
"Campeche",2017,595666.96,450761.012,7113.2801737,86.658982730887,863473,82.083587292846,95.0621354609189,689850.128492726,522032.549946553
"Campeche",2018,564591.056,424556.978,8897.3498776,100,883359,88.973498776,100.721788962358,639141.114767609,480616.576046658
"Campeche",2019,541962.926,402996.61,9761.1526896,117.61428087057,917900,82.9929207350404,90.4160809838114,590437.875585576,439041.95446127
"Campeche",2020,500514.726,380754.278,8647.936249,92.08195724495,934979,93.9156432784694,100.44679429,535321.89065209,407232.97314699
"Campeche",2021,489604.295,360630.613,8897.35182,98.386915703017,943698,90.4322668967167,95.8275495939556,518814.594287579,382146.208850713
"Campeche",2022,472660.178,335836.505,8849.080658,103.4640151132,940944,85.5281002609286,90.8960578535264,502325.513526841,356914.444430274
"Campeche",2023,508300.288,305941.078,10875.020008,117.653875498099,947023,92.4323143794419,97.6030301053321,536734.892394377,323055.594214713
"Coahuila",2005,751258.283,90.665,6595.884,45.507654522593,2601748,144.940100059988,55.708738917062,288751.36369856,34.8477254522729
"Coahuila",2006,798549.101,100.852,8111.431,48.200479158764,2639833,168.285277274576,63.7484557828376,302499.855483282,38.2039318396277
"Coahuila",2007,819995.32,505.401,8066.586,51.09739955589,2628155,157.866859568398,60.0675605390085,312004.170225881,192.302584893205
"Coahuila",2008,806977.054,991.499,10069.539,55.143131368392,2674064,182.607312100739,68.2883102651017,301779.259583914,370.783571373011
"Coahuila",2009,647795.108,2194.802,9057.903,61.606611885683,2720749,147.028098490594,54.039567226008,238094.402681026,806.690363572678
"Coahuila",2010,775118.743,2116.38,10581.87686,62.814084344752,2761783,168.46344208286,60.9980733760979,280658.814613603,766.309300911766
"Coahuila",2011,824838.467,1592.767,11559.16198,67.403386874293,2794060,171.492302034581,61.3774586209965,295211.436762274,570.054687444078
"Coahuila",2012,870634.531,1156.333,11977.377924,70.597422927164,2826792,169.657438294273,60.0176589909242,307993.842843761,409.061933102966
"Coahuila",2013,864429.383,1042.927,12640.550999,70.691313485812,2859859,178.813355922959,62.5252349584226,302262.937788192,364.677769078825
"Coahuila",2014,902863.241,721.147,14012.643563,74.387703530396,2892708,188.373116764846,65.1199902530244,312116.964795617,249.298235425076
"Coahuila",2015,897702.095,398.942,14534.075779,82.172937671489,2925805,176.871804645762,60.4523557262915,306822.257464185,136.352901167371
"Coahuila",2016,901719.484,327.061,16793.771458,89.688006342336,2959249,187.246568887915,63.2750298768084,304712.271255308,110.521622208878
"Coahuila",2017,941581.763,316.602,18629.80386,94.67783064953,2993127,196.770497720445,65.74077802928,314581.293409869,105.776333580232
"Coahuila",2018,966054.662,276.873,19596.547545,100,3056561,195.96547545,64.1130589083614,316059.343163771,90.5831750127022
"Coahuila",2019,953384.334,177.856,20896.925661,105.235534214264,3124217,198.572904266851,63.5592547722682,305159.447631199,56.9281839257644
"Coahuila",2020,843597.571,117.448,19417.504307,113.622304870292,3177422,170.895180564824,53.7842252507925,265497.491677215,36.9632991777611
"Coahuila",2021,921586.983,90.889,21509.50455,117.500182834071,3249839,183.059328344832,56.3287376220274,283579.273619401,27.9672316074735
"Coahuila",2022,935812.824,75.67,24503.518132,122.857833587457,3279520,199.446119278646,60.8156435327871,285350.546421428,23.073498560765
"Coahuila",2023,929624.579,75.011,27023.808001,126.888029925896,3326462,212.973658876903,64.0240768951825,279463.459675776,22.5497841249953
"Colima",2005,107631.263,0,2265.498,51.583167801348,597945,43.9193267215512,73.4504456455881,180001.944994941,0
"Colima",2006,114843.833,0,2529.99,53.528240388842,609535,47.2645837341475,77.5420340655541,188412.20438531,0
"Colima",2007,122046.013,0,2595.34,56.993217795652,621705,45.5376990522897,73.2464738940328,196308.55952582,0
"Colima",2008,124498.006,0,3088.29,59.828178292269,632723,51.6193220009687,81.5828127015593,196765.418674523,0
"Colima",2009,118472.235,0,2848.093,64.499478717524,643925,44.1568374912493,68.5745040047355,183984.524595256,0
"Colima",2010,125595.851,0,3084.31529,66.834213337191,653654,46.1487483130692,70.6011870394263,192144.239918979,0
"Colima",2011,133676.159,0,3399.396457,69.353321260525,661301,49.0156260034066,74.119993775008,202141.171720593,0
"Colima",2012,135599.865,0,3613.650597,72.663305380134,668973,49.7314370450861,74.3399764192069,202698.561825365,0
"Colima",2013,133729.296,0,3708.564139,76.167505585313,676747,48.6895837076632,71.9465083815121,197606.041844293,0
"Colima",2014,135090.725,0,3951.9153331,79.904621135167,684421,49.4579071517644,72.2624045021476,197379.573391231,0
"Colima",2015,141029.129,0,4243.6738294,83.025278416064,692193,51.1130334081351,73.8421703313023,203742.495228932,0
"Colima",2016,140705.238,0,4932.27658,88.193554670651,700003,55.9255900095992,79.8933576136091,201006.621400194,0
"Colima",2017,150360.096,0,5243.7683812,93.213260518269,707967,56.2556051793968,79.460773142529,212382.916152872,0
"Colima",2018,153808.394,0,5812.5931419,100,722521,58.125931419,80.4487778472875,212877.402871335,0
"Colima",2019,161109.858,0,5657.1378615,104.980823706021,726438,53.8873449625595,74.1802396936277,221780.603437596,0
"Colima",2020,148143.273,0,6011.542417,108.9500398712,739033,55.1770556863201,74.6611527310961,200455.558818077,0
"Colima",2021,147667.296,0,6277.66157,114.528497223922,765619,54.8130964970766,71.5931768896495,192873.081780886,0
"Colima",2022,148449.257,0,7268.067368,123.493955244249,763525,58.8536285328708,77.0814688882103,194426.190367048,0
"Colima",2023,154500.185,0,7136.91491,133.016737811673,742251,53.6542620681658,72.2858737383524,208150.861366303,0
"Chiapas",2005,310293.582,14029.817,11142.878,54.600667828186,4574477,204.079518497168,44.6126450077611,67831.4880586349,3066.97727412336
"Chiapas",2006,321113.546,13323.735,12941.154,58.203638036497,4642784,222.342699469837,47.8899512598123,69164.0071991288,2869.77274841991
"Chiapas",2007,324676.532,12655.779,13169.846,61.934052258511,4560864,212.643053695719,46.6234147073271,71187.5057006743,2774.864367804
"Chiapas",2008,337160.578,13305.82,16878.086,65.902762807578,4650690,256.10589421388,55.0683649552819,72496.8935792323,2861.042124932
"Chiapas",2009,332432.799,15113.287,15186.678,68.302435464558,4742313,222.344604503603,46.8852655874049,70099.2952173338,3186.90204547865
"Chiapas",2010,355978.857,17530.96,17481.803714,70.872480215869,4821249,246.665612107161,51.1621806107009,73835.4017807419,3636.18639070498
"Chiapas",2011,361270.255,17415.199,19040.781612,75.091823709649,4881074,253.566642429984,51.9489445212231,74014.5007020996,3567.90308854158
"Chiapas",2012,370237.305,17424.049,20315.41681,79.199081518811,4941621,256.510762756444,51.9082225764469,74922.2380672253,3525.97841882249
"Chiapas",2013,360620.977,17881.483,21547.420603,81.394482772975,5002864,264.728269889004,52.9153440687182,72082.9063112649,3574.24927001813
"Chiapas",2014,374691.487,16667.378,23517.747023,83.856350864998,5063814,280.452783604449,55.3837055635236,73993.9276995561,3291.46726163323
"Chiapas",2015,364001.282,13200.13,24372.998543,87.109381938935,5125181,279.797629147293,54.5927312903276,71022.1320964079,2575.54416126962
"Chiapas",2016,369919.287,9841.846,26962.791103,92.583140981238,5187330,291.227871697116,56.1421524555246,71312.0790464459,1897.28550140438
"Chiapas",2017,359734.408,6593.81,29742.838143,94.881290032173,5250206,313.474217444921,59.707031961207,68518.1510973093,1255.91452982988
"Chiapas",2018,353600.113,5067.261,32018.912345,100,5350470,320.18912345,59.8431770386527,66087.673232445,947.068388384572
"Chiapas",2019,348914.392,4696.863,31813.356804,104.223420225096,5471469,305.241919093533,55.7879280854068,63769.78321544,858.428147906897
"Chiapas",2020,337240.435,6645.124,34028.886476,109.276085176441,5586123,311.4028693566,55.7457953139593,60371.1080117642,1189.57710025361
"Chiapas",2021,353638.51,8327.681,37189.51878,114.934582774936,5656819,323.57118181587,57.2002006456049,62515.4366791655,1472.14910005075
"Chiapas",2022,374504.635,9806.61,44560.468446,123.364571442487,5679349,361.20960762851,63.6005302066328,65941.4723412842,1726.7137483539
"Chiapas",2023,380224.89,8208.716,44450.05069,130.894092703926,5760940,339.587904784543,58.9466137096625,66000.4947109326,1424.89177113457
"Chihuahua",2005,592161.222,0,8185.014,54.233517506487,3289824,150.921687847759,45.8753075689639,179997.842437772,0
"Chihuahua",2006,635597.824,0,9390.767,56.86258501099,3342739,165.148436325662,49.4051244580153,190142.821201416,0
"Chihuahua",2007,664331.063,0,9449.095,60.525072120555,3314392,156.118690468953,47.10326674363,200438.28943589,0
"Chihuahua",2008,696713.272,0,12211.321,61.997752211616,3349752,196.963931181235,58.799556260056,207989.508477045,0
"Chihuahua",2009,626309.624,0,10811.017,66.189791776216,3385445,163.333600391907,48.2458289506718,185000.679083547,0
"Chihuahua",2010,647629.946,0,12556.612903,68.442094708202,3418737,183.463305098043,53.6640592996895,189435.439462,0
"Chihuahua",2011,662042.787,0,13055.890982,70.214073490087,3448384,185.944075497105,53.9220908973898,191986.387536887,0
"Chihuahua",2012,711480.757,0,13875.642319,74.894948564294,3478309,185.268066605165,53.263832110708,204547.887206111,0
"Chihuahua",2013,732550.603,0,15397.681693,74.597645782021,3508381,206.409753707148,58.8333347225252,208800.185327648,0
"Chihuahua",2014,753194.78,0,17403.638719,78.957489323014,3538290,220.417833295103,62.2950163200595,212869.713901348,0
"Chihuahua",2015,803883.276,0,18761.159189,86.495008760451,3568281,216.90452961233,60.7868409501186,225285.866219617,0
"Chihuahua",2016,830488.509,0,20346.057,91.627334846123,3598499,222.052262397119,61.7069123534894,230787.478056823,0
"Chihuahua",2017,851284.313,0,23357.641336,96.640079987002,3628959,241.697247551343,66.6023638049763,234580.857210015,0
"Chihuahua",2018,853322.804,0,24586.455988,100,3684908,245.86455988,66.7220348187797,231572.349703168,0
"Chihuahua",2019,866861.299,0,25617.806567,103.587042244921,3720977,247.307057058636,66.4629362284787,232966.046014259,0
"Chihuahua",2020,808710.891,0,25718.070926,108.640984408358,3764877,236.725311962669,62.8773030201701,214804.066905771,0
"Chihuahua",2021,846063.938,0,27594.08157,115.116440526035,3784394,239.705826934071,63.3406106589512,223566.55728764,0
"Chihuahua",2022,911306.318,0,32660.516866,122.720599419788,3830938,266.137201255665,69.4705059846088,237880.727383215,0
"Chihuahua",2023,940263.339,0,35977.130926,131.235583034893,3868446,274.141586405223,70.866075526251,243059.703819053,0
"Ciudad de México",2005,2991075.244,0,34899.346,59.596435147387,8979589,585.594522787999,65.2139560939814,333097.1210375,0
"Ciudad de México",2006,3134225.217,0,44207.147,61.928604028585,8976352,713.840521572146,79.5245687303869,349164.695970033,0
"Ciudad de México",2007,3142463.801,0,43355.572,65.484650526289,8788976,662.072281848626,75.3298543366857,357546.066913825,0
"Ciudad de México",2008,3183429.429,0,51973.695,68.12583829387,8812983,762.907236103348,86.5662893146791,361220.420940333,0
"Ciudad de México",2009,3008811.766,0,46702.554,73.369530388894,8837047,636.538815942447,72.0307152312811,340477.058229972,0
"Ciudad de México",2010,3125716.691,0,52591.564001,75.482653651671,8868770,696.737084041768,78.5607343568238,352440.833509044,0
"Ciudad de México",2011,3231440.239,0,56308.082545,77.579743847462,8911384,725.809080469684,81.4474026110516,362619.346108304,0
"Ciudad de México",2012,3332208.721,0,55264.167436,80.322812167564,8954144,688.025804185138,76.8388138704423,372141.515816587,0
"Ciudad de México",2013,3363394.325,0,58790.708768,83.684103825679,8997138,702.531377888278,78.0838726590921,373829.358291492,0
"Ciudad de México",2014,3412110.198,0,63706.117009,86.731654702554,9039561,734.519792427344,81.2561353839355,377464.148756781,0
"Ciudad de México",2015,3503520.113,0,73151.122277,89.290575367107,9082015,819.247966274697,90.2055288693861,385764.625251114,0
"Ciudad de México",2016,3571368.188,0,81494.386126,92.694281259583,9124620,879.173828402439,96.3518292709657,391399.114483672,0
"Ciudad de México",2017,3646318.179,0,87709.88462,95.950002365386,9167484,914.12071347318,99.7133688450594,397744.700617967,0
"Ciudad de México",2018,3694574.874,0,93187.364459,100.000000027067,9197214,931.87364433777,101.321296246643,401705.872452245,0
"Ciudad de México",2019,3679917.346,0,93348.525042,102.933924049065,9211915,906.87813472946,98.4462117517867,399473.6540665,0
"Ciudad de México",2020,3293855.308,0,87506.430821,107.944346625198,9241389,810.662471512639,87.7208471056287,356424.267823809,0
"Ciudad de México",2021,3496055.811,0,93206.82691,111.139812664736,9258159,838.644808509507,90.5844032825,377618.899286564,0
"Ciudad de México",2022,3650609.372,0,103910.531794,117.617188651648,9310964,883.463828588493,94.8842492129164,392076.413570066,0
"Ciudad de México",2023,3806082.926,0,112654.505295,123.945470440861,9314678,908.903769490727,97.5775834109055,408611.32569478,0
"Durango",2005,235761.599,0,3587.712,53.157874535793,1573196,67.4916375293424,42.9009719890861,149861.555076418,0
"Durango",2006,241373.384,0,4365.72,55.295445085196,1592865,78.952615233923,49.5664197743833,151534.112432629,0
"Durango",2007,248235.605,0,4313.867,58.782316501293,1584793,73.3871554705591,46.3070921379379,156635.980219499,0
"Durango",2008,261332.532,0,5467.056,62.405322349994,1603222,87.6056046844621,54.6434646508481,163004.582022951,0
"Durango",2009,256632.613,0,4865.719,67.237353032757,1621937,72.3663080197327,44.6172126412633,158226.005695659,0
"Durango",2010,261476.686,0,5634.92377,68.954720498485,1640526,81.7191880304091,49.8127966459593,159385.883551983,0
"Durango",2011,273067.299,0,6070.798361,75.593050781229,1658829,80.3089476910949,48.413035756606,164614.495526664,0
"Durango",2012,286058.274,0,6428.143707,79.042584169406,1677318,81.3250702080165,48.4851830171837,170545.045125611,0
"Durango",2013,299615.205,0,7021.122629,79.24465582446,1696066,88.6005820323448,52.2388763363836,176653.034139002,0
"Durango",2014,307939.663,0,7727.8753813,81.712241465952,1714672,94.5742674862256,55.1558942387965,179591.002244161,0
"Durango",2015,300289.376,0,8371.9841965,86.699311999636,1733392,96.5634444311986,55.707793984972,173238.007328983,0
"Durango",2016,305382.234,0,9103.017696,92.785625178182,1752311,98.1080601496073,55.9878127510512,174273.992459101,0
"Durango",2017,304646.657,0,10432.6668667,97.844087289624,1771445,106.625419641544,60.1912109275443,171976.356590241,0
"Durango",2018,308981.254,0,11470.4468563,100,1792149,114.704468563,64.0038682961071,172408.23949348,0
"Durango",2019,309426.436,0,11162.090354,105.025455549635,1819736,106.279856588909,58.4039973869334,170039.190300131,0
"Durango",2020,286240.782,0,10847.27037,112.308624142873,1849583,96.5844827392835,52.2195990876233,154759.630684322,0
"Durango",2021,303251.381,0,12536.88941,119.964512544132,1859163,104.504983549931,56.2107698732876,163111.777181452,0
"Durango",2022,300468.953,0,13340.932777,128.055468013695,1884857,104.180891171108,55.2725703706475,159412.06839564,0
"Durango",2023,309708.765,0,16636.483835,132.967770544046,1895662,125.116663736865,66.0015676512294,163377.630083844,0
"Guanajuato",2005,731639.285,0,10323.09,50.266349079383,5316277,205.367809460307,38.6300054455979,137622.491265974,0
"Guanajuato",2006,769496.263,0,12239.034,54.19128123823,5347619,225.84876608095,42.2335185212242,143895.117247508,0
"Guanajuato",2007,778043.648,0,12421.269,56.66084931523,5267826,219.221369783832,41.6151501176826,147697.294481632,0
"Guanajuato",2008,798104.41,0,16265.105,59.832021602286,5351399,271.846154691497,50.7990816404265,149139.395137608,0
"Guanajuato",2009,761825.927,0,13992.824,63.50983877712,5436238,220.325295567292,40.5290010421346,140138.442614175,0
"Guanajuato",2010,812725.516,0,16847.789481,65.530301007554,5515710,257.099223137368,46.6121719846344,147347.397887126,0
"Guanajuato",2011,854766.2,0,19147.385202,68.876680781248,5586740,277.995178989708,49.7598203943101,152999.101443776,0
"Guanajuato",2012,892378.879,0,19768.068663,72.530210679717,5658763,272.549444951883,48.1641385143507,157698.578116807,0
"Guanajuato",2013,931176.5,0,21675.193736,73.765223778736,5731673,293.840276293559,51.2660572739511,162461.553546408,0
"Guanajuato",2014,978988.664,0,24198.306564,77.880567266712,5804182,310.710455936072,53.5321697245317,168669.532416454,0
"Guanajuato",2015,1026150.188,0,26734.575934,83.096314357446,5877279,321.72998454539,54.7413155893042,174596.133346741,0
"Guanajuato",2016,1064742.519,0,30005.941586,87.856162622167,5951259,341.534852996518,57.3886723794945,178910.465667853,0
"Guanajuato",2017,1115370.824,0,33367.277522,95.026934826834,6026224,351.134944874363,58.2678215868449,185086.187304023,0
"Guanajuato",2018,1120602.844,0,35992.359834,100,6079125,359.92359834,59.2064809228302,184336.206937676,0
"Guanajuato",2019,1099063.445,0,39119.703624,103.362457751472,6148588,378.471105225271,61.5541495421829,178750.543214149,0
"Guanajuato",2020,1019446.377,0,36549.833331,109.301016722334,6203614,334.396096459472,53.9034337822231,164331.045903243,0
"Guanajuato",2021,1084518.133,0,39403.1775,113.762369798938,6235682,346.363894929761,55.5454711978195,173921.33418606,0
"Guanajuato",2022,1110972.693,0,49505.882969,121.358173562237,6303555,407.932004214051,64.714594258962,176245.419132537,0
"Guanajuato",2023,1130785.423,0,51753.303661,124.416735163379,6306505,415.967382466994,65.9584639141639,179304.610556877,0
"Guerrero",2005,272647.21,0,5946.45,53.272919242416,3313022,111.622379335755,33.6920127109796,82295.6231501029,0
"Guerrero",2006,280082.837,0,6630.907,55.014163184872,3333995,120.530907245053,36.1520959824633,84008.1754771678,0
"Guerrero",2007,287333.396,0,6697.252,58.659065164844,3308724,114.172497996334,34.5065040167552,86841.1496395589,0
"Guerrero",2008,288164.177,0,9007.59,60.602465170402,3339486,148.634052668855,44.5080628183066,86289.9790566572,0
"Guerrero",2009,282203.097,0,7877.11,66.317653842048,3370559,118.778478182616,35.2399937762894,83725.9033293884,0
"Guerrero",2010,290708.028,0,9522.55071,68.659296192536,3394085,138.692809831558,40.8630926542965,85651.369367591,0
"Guerrero",2011,291758.339,0,10939.107885,71.706928315081,3406819,152.553011850312,44.7787252126725,85639.5185655593,0
"Guerrero",2012,294551.278,0,11508.963072,75.723065781436,3419578,151.987547694107,44.4462877273473,86136.7332460321,0
"Guerrero",2013,299721.333,0,12299.168637,78.348457098314,3432442,156.980355357434,45.7343067581139,87320.1449580211,0
"Guerrero",2014,320203.667,0,13843.727961,81.576386506529,3445109,169.702637660863,49.2590038982404,92944.4226583252,0
"Guerrero",2015,314103.695,0,15002.896634,86.300751094316,3457770,173.844334420725,50.2764308848549,90839.9618829477,0
"Guerrero",2016,313422.06,0,16053.232512,90.96704679945,3470425,176.473053449692,50.8505596431827,90312.2989259241,0
"Guerrero",2017,308568.037,0,17090.098181,95.928343349444,3483142,178.154834997461,51.1477381621137,88588.9914910159,0
"Guerrero",2018,317844.942,0,20259.191712,100,3506735,202.59191712,57.7722346056945,90638.4263424525,0
"Guerrero",2019,317146.825,0,20198.704364,104.625007675861,3535727,193.058092063206,54.6020923174232,89697.7693696374,0
"Guerrero",2020,289968.16,0,19753.722836,111.432531420001,3561343,177.270699895941,49.7763624273037,81421.0144880737,0
"Guerrero",2021,303633.381,0,20792.5524,116.095968381026,3577825,179.097971186726,50.0577784510773,84865.352833076,0
"Guerrero",2022,310093.176,0,24631.467327,124.397761336096,3589899,198.005712180391,55.1563462315767,86379.359419304,0
"Guerrero",2023,313712.864,0,25635.486168,130.711367959715,3609154,196.122851196086,54.3403942298073,86921.4403153758,0
"Hidalgo",2005,353466.254,0,5161.5,38.944824418797,2514306,132.533656962869,52.7118246398286,140582.034963127,0
"Hidalgo",2006,349080.409,0,6083.321,47.430947635907,2543783,128.256366427617,50.4195390988999,137228.84735058,0
"Hidalgo",2007,359175.954,0,6184.991,48.334667192114,2550461,127.961799662688,50.1720275913602,140827.855826849,0
"Hidalgo",2008,370254.812,0,8043.851,52.641167294269,2594233,152.805331140059,58.9019302198602,142722.265887451,0
"Hidalgo",2009,354594.237,0,7150.182,52.569516520371,2638724,136.013843635584,51.545308882469,134380.94965597,0
"Hidalgo",2010,358637.296,0,8307.282052,58.068594460962,2682725,143.059809336091,53.3263041631516,133683.957915925,0
"Hidalgo",2011,366544.301,0,9293.167458,61.245965463804,2725753,151.735177780685,55.6672515010293,134474.510713186,0
"Hidalgo",2012,379811.021,0,10046.724167,67.572024193579,2769462,148.681710913652,53.6861350376542,137142.528404434,0
"Hidalgo",2013,379719.808,0,10883.214834,67.246308888895,2813879,161.841073715754,57.5152924897459,134945.322098072,0
"Hidalgo",2014,397901.378,0,11552.8068996,72.834911117096,2858165,158.616338269798,55.4958647488156,139215.677891234,0
"Hidalgo",2015,413909.179,0,12176.7598273,78.090576725287,2902982,155.931231883923,53.7141573333637,142580.69082068,0
"Hidalgo",2016,418466.27,0,13769.0102291,79.365181332297,2948498,173.489305989865,58.8398927148213,141925.234475316,0
"Hidalgo",2017,416408.562,0,15392.959948,90.523479918264,2994687,170.043837929106,56.7818399482505,139049.109973764,0
"Hidalgo",2018,418630.444,0,16368.977177,100,3044457,163.68977177,53.7664916173886,137505.783133084,0
"Hidalgo",2019,409266.416,0,17973.996872,102.811702976381,3068910,174.82442515449,56.9662926428244,133358.88507646,0
"Hidalgo",2020,364939.794,0,16622.004516,107.808292071322,3095491,154.181132050617,49.8082960185047,117893.992907749,0
"Hidalgo",2021,391962.041,0,17259.1887,112.608791625309,3132466,153.266796054678,48.9284787303927,125128.905150128,0
"Hidalgo",2022,431394.817,0,20918.905442,119.966737106162,3186741,174.372546479182,54.7181419761385,135371.784842257,0
"Hidalgo",2023,442970.692,0,23110.268999,122.957297364495,3227014,187.953618812,58.2438188405752,137269.529044497,0
"Jalisco",2005,1274855.822,0,17292.875,52.030822666628,6939097,332.358285218724,47.8964748898486,183720.709193141,0
"Jalisco",2006,1340006.101,0,21022.405,54.126943710087,7038517,388.390763620417,55.1807665763138,190381.880302342,0
"Jalisco",2007,1380125.917,0,21669.33,57.120477435393,7078810,379.361850126506,53.591189779992,194965.808801197,0
"Jalisco",2008,1408019.743,0,27210.261,60.071701281535,7182813,452.96304948107,63.0620690641772,196026.228582033,0
"Jalisco",2009,1315481.838,0,24086.583,64.832678442498,7288450,371.519171791785,50.9736873809638,180488.559021465,0
"Jalisco",2010,1393675.357,0,28071.052138,67.42878492326,7390030,416.306658498257,56.3335545996778,188588.592603819,0
"Jalisco",2011,1433185.382,0,30887.470898,70.18102798372,7485170,440.111405965228,58.7977836128275,191469.984248855,0
"Jalisco",2012,1488616.797,0,31330.886216,74.0182756382,7581658,423.285816183355,55.8302440156697,196344.493117469,0
"Jalisco",2013,1514072.597,0,33594.064338,76.772552075982,7679327,437.579101248997,56.9814387704804,197162.146761038,0
"Jalisco",2014,1567647.173,0,37222.24997,80.608241750071,7776517,461.767297758572,59.3797065908262,201587.313832144,0
"Jalisco",2015,1626750.813,0,41140.616805,84.790800040006,7874431,485.20142262591,61.6173311602972,206586.458500938,0
"Jalisco",2016,1676418.736,0,46544.052685,90.947922035154,7973523,511.765982591767,64.1831700481414,210248.184648116,0
"Jalisco",2017,1708140.018,0,52679.505718,95.864590475276,8073997,549.519957857498,68.0604609906962,211560.645613319,0
"Jalisco",2018,1754179.51,0,55571.877218,100,8235061,555.71877218,67.4820468457975,213013.541733328,0
"Jalisco",2019,1767123.319,0,57286.037822,104.511862706057,8359855,548.129526531537,65.5668700631215,211382.053755717,0
"Jalisco",2020,1624208.871,0,55418.719955,111.000605537267,8393984,499.265023706505,59.4789105753007,193496.779479208,0
"Jalisco",2021,1712483.099,0,61014.38116,115.483476313129,8436016,528.338625645126,62.6289264559391,202996.663235347,0
"Jalisco",2022,1797607.731,0,70592.16607,123.845945230862,8605534,569.999816614171,66.2364260735209,208889.736650857,0
"Jalisco",2023,1834577.514,0,76834.701788,130.003153576208,8670396,591.021830427824,68.1654944512136,211590.971623441,0
"México",2005,1617553.74,0,32430.434,54.200065031533,14332336,598.346772852253,41.7480285734477,112860.439498488,0
"México",2006,1710985.648,0,38539.055,56.230307432713,14597873,685.378699842911,46.9505865575698,117207.873229203,0
"México",2007,1755709.482,0,39239.883,59.314455875337,14627012,661.556823221504,45.228432383969,120031.998469681,0
"México",2008,1766743.793,0,51157.814,62.341439566048,14837041,820.606876519118,55.3079873890702,119076.559335517,0
"México",2009,1656805.177,0,43994.429,67.754034003722,15050163,649.325603219186,43.1440910785608,110085.530435783,0
"México",2010,1773209.581,0,53409.655662,70.311948365228,15260530,759.609951136173,49.7761185972029,116195.805846848,0
"México",2011,1852646.107,0,59629.293403,73.770958189804,15465651,808.303089266929,52.2644077036866,119791.019918916,0
"México",2012,1911401.717,0,61333.208886,76.944707170628,15673493,797.107574273967,50.8570472627874,121951.227910715,0
"México",2013,1923371.619,0,67234.670255,80.013050665692,15884192,840.29629786168,52.9014190877119,121087.155015502,0
"México",2014,1966749.107,0,75260.980108,84.089284144772,16093912,895.012734065226,55.6118819380413,122204.539642071,0
"México",2015,2007571.85,0,81718.984331,88.043082542724,16305337,928.170413517097,56.9243318011211,123123.603639716,0
"México",2016,2058752.802,0,88553.802177,92.660992866496,16519517,955.675084386226,57.8512727936431,124625.484025955,0
"México",2017,2166131.837,0,102335.59827,96.667554681253,16736493,1058.63439504016,63.2530599475148,129425.67101722,0
"México",2018,2243797.97,0,115582.108343,100,16857044,1155.82108343,68.5660595908749,133107.439833461,0
"México",2019,2209647.064,0,121181.641759,103.910380187304,16948935,1166.21305340779,68.8074532947226,130370.850085861,0
"México",2020,2035392.322,0,115000.176779,109.476633468405,17085585,1050.45408445254,61.4818915742448,119129.214598154,0
"México",2021,2163537.857,0,121652.92219,114.128525507931,17204171,1065.92915004011,61.9576002842631,125756.588736534,0
"México",2022,2218442.304,0,141501.308468,121.333440592377,17376320,1166.2185443449,67.1153929223735,127670.433325353,0
"México",2023,2275497.833,0,150707.116613,126.860986116351,17617089,1187.97055916607,67.4328522246817,129164.235532896,0
"Michoacán",2005,461303.857,0,8223.175,48.703258295107,4242185,168.842399622905,39.8008101067975,108742.041424407,0
"Michoacán",2006,485161.704,0,9615.801,51.028493172248,4269684,188.439838259414,44.1343758131547,113629.417071615,0
"Michoacán",2007,499362.052,0,9702.768,54.823392747513,4256652,176.982260924378,41.5778083161081,117313.337336479,0
"Michoacán",2008,511751.728,0,12613.689,57.776593184264,4292932,218.31832416584,50.8552952075271,119207.97441003,0
"Michoacán",2009,491327.01,0,11070.36,63.885640644914,4329570,173.284010119437,40.0233764829849,113481.710654869,0
"Michoacán",2010,502494.794,0,13344.066305,65.739384953708,4359870,202.984349707509,46.5574316911992,115254.536029744,0
"Michoacán",2011,522286.563,0,14888.045212,71.497623996886,4381026,208.231328255725,47.530265343261,119215.581692508,0
"Michoacán",2012,531827.401,0,15388.77538,73.672750268842,4402286,208.880153433179,47.4481106936667,120807.09908443,0
"Michoacán",2013,533525.806,0,17030.306464,76.354097293656,4423641,223.043779805318,50.4208591531993,120607.844533496,0
"Michoacán",2014,560341.417,0,18485.607085,79.709001770969,4444764,231.913669401047,52.1768241015827,126067.754553448,0
"Michoacán",2015,573505.865,0,19619.287103,82.496972197486,4465820,237.818268724266,53.2529902065613,128421.177969555,0
"Michoacán",2016,591409.519,0,22039.10515,88.537443713347,4487049,248.924118719249,55.4761311318973,131803.668513538,0
"Michoacán",2017,610394.385,0,23653.81896,95.47735158147,4508375,247.742721893751,54.9516670405081,135391.218565448,0
"Michoacán",2018,633756.559,0,27182.415986,100,4667930,271.82415986,58.2322699483497,135768.222531186,0
"Michoacán",2019,635628.201,0,28617.151474,104.873623440757,4730451,272.872725620716,57.6842938698057,134369.471536646,0
"Michoacán",2020,601188.661,0,26527.124066,109.820879006898,4812033,241.54900512437,50.1968721171218,124934.442677347,0
"Michoacán",2021,629066.207,0,30117.23659,115.339462989148,4897011,261.118231431628,53.3219613824898,128459.218694832,0
"Michoacán",2022,652212.814,0,35086.709639,126.452412356314,4930866,277.46967404729,56.2719964499726,132271.453736524,0
"Michoacán",2023,679343.786,0,37417.873476,129.563504684799,4955484,288.799485372288,58.2787645711878,137089.290571819,0
"Morelos",2005,235326.288,0,4236.989,56.279986025191,1690244,75.2841160639862,44.5403835564488,139226.222959525,0
"Morelos",2006,232043.608,0,4818.663,58.400483498774,1713141,82.5106696265821,48.1633850492061,135449.217548351,0
"Morelos",2007,237033.907,0,4765.499,61.038543316927,1718965,78.0736030225421,45.4189602595411,137893.387590789,0
"Morelos",2008,231184.487,0,5998.107,62.886318146425,1741261,95.3801586226429,54.7764859045501,132768.428742159,0
"Morelos",2009,222778.287,0,5309.369,67.996195248597,1763863,78.0833248182302,44.2683614420339,126301.355037211,0
"Morelos",2010,232495.234,0,6229.703305,70.269463674253,1786174,88.6544877285379,49.6337354191349,130163.82166575,0
"Morelos",2011,241158.47,0,6943.532904,71.361316896728,1807730,97.3010757922037,53.8250047253759,133404.031575512,0
"Morelos",2012,248100.471,0,6939.264223,74.241780459982,1829582,93.4684510528465,51.0873254398253,135605.002126169,0
"Morelos",2013,258139.365,0,7451.36883,76.090074057477,1851717,97.928263604677,52.8851134404863,139405.408601854,0
"Morelos",2014,259665.782,0,8296.8393947,78.862871119461,1873697,105.205900786087,56.1488334485711,138584.724211012,0
"Morelos",2015,265750.876,0,8765.3611009,83.027915588132,1895835,105.571253220199,55.6858868098749,140176.163009967,0
"Morelos",2016,274364.869,0,9135.8922169,89.395108744772,1918252,102.196779501477,53.2759926753507,143028.584878316,0
"Morelos",2017,277402.793,0,10447.2564499,94.965685511321,1940894,110.010857012711,56.6805075458582,142925.266913082,0
"Morelos",2018,273244.597,0,11307.1658056,100,1963953,113.071658056,57.5735050971179,139129.906367413,0
"Morelos",2019,269686.001,0,11889.2052039,103.241178988746,1974597,115.159525688834,58.320520941151,136577.74269889,0
"Morelos",2020,244988.806,0,11062.05087,108.500474099213,1977211,101.953940402923,51.5645221490891,123906.252797501,0
"Morelos",2021,259938.545,0,12160.29863,113.260760153905,1991241,107.365504288298,53.918889922565,130540.97670749,0
"Morelos",2022,260102.03,0,14181.989441,122.117521343451,1985066,116.133944457599,58.5038202546409,131029.411616541,0
"Morelos",2023,265593.143,0,15157.901854,127.120185102068,1975714,119.240715719768,60.3532270965171,134428.94214446,0
"Nayarit",2005,135701.452,0,2794.62,50.941250798112,1004165,54.8596659134953,54.6321231206976,135138.599732116,0
"Nayarit",2006,135896.556,0,3193.705,53.31381098429,1023273,59.9038962144554,58.5414607973194,132805.767375862,0
"Nayarit",2007,133768.031,0,3319.053,56.490753758647,1041191,58.7539159803113,56.4295273204544,128475.977030151,0
"Nayarit",2008,143531.322,0,4138.493,59.721198694178,1057904,69.2968843641688,65.5039439912967,135675.186028222,0
"Nayarit",2009,134902.594,0,3943.764,64.239059776716,1074933,61.3919944299909,57.1123915909093,125498.606889918,0
"Nayarit",2010,137487.191,0,4456.299072,67.877402484716,1091097,65.6521744921431,60.1707955316008,126008.220167409,0
"Nayarit",2011,141214.937,0,4778.597695,71.121266725488,1105993,67.18943453924,60.7503253087858,127681.582975661,0
"Nayarit",2012,142897.855,0,4953.083577,73.859013489041,1121059,67.0613286452157,59.8196246988033,127466.846080358,0
"Nayarit",2013,145073.201,0,5336.010903,76.032315575638,1136330,70.180828541144,61.760957240541,127668.195858597,0
"Nayarit",2014,145894.418,0,5878.8003677,79.179012181261,1151456,74.2469526424745,64.4809290519781,126704.292652086,0
"Nayarit",2015,147428.811,0,6289.4372638,83.209249377993,1166866,75.5857949785017,64.7767566957146,126345.965175093,0
"Nayarit",2016,152585.941,0,6948.8346218,88.557697461787,1182373,78.4667490344185,66.3637862454729,129050.596554556,0
"Nayarit",2017,155110.355,0,7804.9955077,94.227930172683,1198105,82.8310193527173,69.1350251878736,129463.072936011,0
"Nayarit",2018,155757.538,0,7981.1333255,100,1223425,79.811333255,65.2359836156691,127312.698367289,0
"Nayarit",2019,157163.253,0,8886.6263541,104.490062953838,1234500,85.0475739307954,68.8923239617621,127309.236938032,0
"Nayarit",2020,142605.244,0,7904.296465,108.844923683171,1239879,72.6197988618014,58.5700692259498,115015.452314298,0
"Nayarit",2021,155968.659,0,8306.5651,116.199662907918,1253058,71.4852770836565,57.0486578304089,124470.422757765,0
"Nayarit",2022,162583.92,0,10238.835551,126.521067397071,1248068,80.9259340096038,64.8409654038112,130268.478961082,0
"Nayarit",2023,162750.269,0,11641.047763,134.488942073577,1275680,86.5576573323876,67.852170867606,127579.227549229,0
"Nuevo León",2005,1368861.991,7758.015,13252.058,52.359848670822,4359938,253.095804063789,58.0503218311336,313963.636868231,1779.38654173523
"Nuevo León",2006,1469583.898,7088.328,15505.167,55.17713225516,4438458,281.007119549059,63.3118798350822,331102.355367562,1597.02491270617
"Nuevo León",2007,1532409.515,6959.759,16157.852,58.430819714664,4433549,276.529613633761,62.3720666296372,345639.467388316,1569.79408595687
"Nuevo León",2008,1531655.04,7154.726,20563.957,61.227694324696,4517405,335.86038518693,74.3480793036998,339056.391888706,1583.81327332838
"Nuevo León",2009,1411038.652,9109.167,17976.01,65.429748199414,4602880,274.737569602339,59.6881886128551,306555.602579255,1979.01466038654
"Nuevo León",2010,1509564.271,9039.9,20436.563657,67.891171822786,4693739,301.019456702631,64.1321250931572,321612.316108757,1925.94858810854
"Nuevo León",2011,1558834.995,8590.984,22504.024581,69.849358879706,4791807,322.179400669321,67.235471017368,325312.558498287,1792.84850161954
"Nuevo León",2012,1621930.271,7784.498,22411.12557,73.133190569818,4891967,306.442606911903,62.6420020641804,331549.716300212,1591.28178910446
"Nuevo León",2013,1611568.788,7615.583,23942.882661,74.645461984462,4994172,320.754698604235,64.2258013148596,322689.884929874,1524.89401646559
"Nuevo León",2014,1666974.701,7474.327,26829.460464,78.33277572939,5096661,342.506188682571,67.2020738052955,327071.920420055,1466.51444936204
"Nuevo León",2015,1728163.992,6837.149,28929.470466,83.311810375922,5200722,347.243330032844,66.76829294718,332293.091613049,1314.65381152848
"Nuevo León",2016,1743960.883,4685.858,33692.728302,89.142725399077,5306982,377.963856850498,71.2201128344694,328616.317711272,882.960974806397
"Nuevo León",2017,1809343.556,3873.756,36196.898425,94.634831031504,5415319,382.490231455583,70.6311542229707,334115.784499491,715.332928678809
"Nuevo León",2018,1909026.435,3903.246,39326.113168,100,5520803,393.26113168,71.2325963596238,345787.820177608,707.006933592813
"Nuevo León",2019,1918825.006,3300.569,42097.391661,103.731793351457,5716805,405.829209164142,70.9888144101718,335646.397944306,577.345038006369
"Nuevo León",2020,1743165.623,2915.412,40317.061543,109.133077540045,5885321,369.430263049314,62.7714721166975,296188.707973618,495.370091113127
"Nuevo León",2021,1865875.274,2858.493,46629.97245,114.323632652415,6014987,407.876931200847,67.8101101799301,310204.373509037,475.228458515372
"Nuevo León",2022,1928648.573,2815.164,54684.902288,121.506257584025,6009420,450.058321071932,74.8921395196096,320937.556869049,468.458520123406
"Nuevo León",2023,1995054.68,2812.593,62148.951797,125.451333193534,6092924,495.402880263717,81.307904097231,327437.972310175,461.616294573837
"Oaxaca",2005,376461.041,0,7002.547,41.011862366922,3750502,170.744428461944,45.5257532090221,100376.173909519,0
"Oaxaca",2006,380271.447,0,7886.862,49.544284875009,3759246,159.188128759898,42.34575996354,101156.308206486,0
"Oaxaca",2007,378474.41,0,7954.734,50.291361838704,3707691,158.172968660357,42.6607742285851,102078.196376127,0
"Oaxaca",2008,388520.309,0,10560.501,53.804206152837,3743905,196.276495001184,52.4256077547866,103774.083209911,0
"Oaxaca",2009,385689.529,0,9299.349,54.669358939221,3780436,170.101665365029,44.9952506443777,102022.499256699,0
"Oaxaca",2010,379991.321,0,11179.786331,60.317149454053,3809328,185.35004442669,48.65688762603,99752.8490589416,0
"Oaxaca",2011,385968,0,12351.626532,63.589748372922,3827077,194.239273594289,50.7539497099978,100851.903423945,0
"Oaxaca",2012,386537.7,0,13119.623064,69.60994102257,3844967,188.473411574162,49.018213049465,100530.823801609,0
"Oaxaca",2013,397816.027,0,14423.718832,66.478515205724,3862864,216.968125526938,56.1676842692205,102984.735419109,0
"Oaxaca",2014,395065.139,0,16185.623198,72.493758301463,3880510,223.269196924411,57.5360447272165,101807.530195773,0
"Oaxaca",2015,401404.011,0,16220.345592,78.357980334183,3898281,207.003109610828,53.101125755385,102969.49116803,0
"Oaxaca",2016,399767.903,0,17796.428159,78.261149445007,3915946,227.397991023698,58.0697463712978,102087.184807962,0
"Oaxaca",2017,358236.419,0,19517.300176,93.136611830636,3933847,209.555617199079,53.2698951431205,91065.1631850451,0
"Oaxaca",2018,383159.646,0,21536.217224,100,4010535,215.36217224,53.6991130210807,95538.2875352042,0
"Oaxaca",2019,367363.646,0,22926.360831,104.309004762001,4100042,219.792729144626,53.607433568882,89599.971414927,0
"Oaxaca",2020,350911.405,0,22209.574909,110.622428758051,4168314,200.7691854025,48.1655617601025,84185.4536390493,0
"Oaxaca",2021,385418.058,0,22710.28819,114.19602996391,4220328,198.871083322049,47.1221865509149,91324.1951810381,0
"Oaxaca",2022,415530.954,0,31529.215387,123.136331740042,4222400,256.051280247349,60.6411709566476,98411.0823228496,0
"Oaxaca",2023,447312.34,0,30779.842932,129.642467051099,4281711,237.420990452673,55.4500269758219,104470.465194872,0
"Puebla",2005,621212.047,2051.064,11101.495,53.109921578839,5562231,209.028646060424,37.5800009133788,111683.971233845,368.748439250366
"Puebla",2006,650292.566,2636.83,12897.872,55.245539589945,5611558,233.464494975219,41.604220249567,115884.495179414,469.892675082392
"Puebla",2007,674599.97,1952.803,13012.563,57.821387836706,5595379,225.047572997537,40.2202554996788,120563.766994157,349.002811069634
"Puebla",2008,674193.135,3057.003,17183.842,61.730595788401,5666092,278.368316076236,49.1288027226237,118987.325832337,539.525831913778
"Puebla",2009,624404.773,4013.722,14816.426,67.452756322861,5737635,219.656346274147,38.2834297187163,108826.157990182,699.542930144563
"Puebla",2010,671261.179,4615.606,18241.535817,68.444598372938,5814381,266.515345997157,45.8372690054464,115448.433633778,793.825860396833
"Puebla",2011,707410.028,7225.47,19498.508554,72.006533670456,5898219,270.788046029775,45.9101376245567,119936.20921841,1225.02572386681
"Puebla",2012,747711.785,9585.026,20862.752758,75.256035318475,5983212,277.223649501481,46.3335829486706,124968.29211467,1601.98669209782
"Puebla",2013,735647.501,10582.785,23135.971926,77.929722757259,6069460,296.882512954211,48.9141559470218,121204.769617066,1743.61228181749
"Puebla",2014,747336.718,7130.415,25466.965154,80.752975394419,6155379,315.368753034951,51.2346604546935,121411.974469809,1158.40389357016
"Puebla",2015,765649.97,6424.559,27024.851275,84.79320413217,6242104,318.71482569376,51.0588778549284,122658.9576207,1029.22972766875
"Puebla",2016,781511.065,6074.809,29473.575713,90.260409172838,6330041,326.539354109969,51.5856617848081,123460.663998859,959.679250102803
"Puebla",2017,835368.657,5075.588,33576.943349,95.11219188584,6419193,353.024598458432,54.9951681556283,130136.086732398,790.689421551899
"Puebla",2018,849556.003,3750.537,36004.270809,100,6480469,360.04270809,55.5581252051356,131094.833259753,578.744686534262
"Puebla",2019,856910.727,3184.886,38198.575351,104.288301201299,6552532,366.278622923088,55.8987919361688,130775.511970029,486.054245900669
"Puebla",2020,767210.116,2494.922,35558.372611,111.00555001024,6629694,320.329682684513,48.3174159598487,115723.307289899,376.325362829717
"Puebla",2021,794876.174,2169.201,39138.4256,115.906706747006,6672736,337.671793966409,50.6046985773765,119122.976542156,325.084193350374
"Puebla",2022,825850.47,1984.329,46082.621181,123.887121115279,6668557,371.972653542569,55.7800815892508,123842.454971893,297.564975451211
"Puebla",2023,852625.249,1770.293,52334.580032,128.912374022365,6565074,405.97018268332,61.8378684967329,129872.907601651,269.653167656602
"Querétaro",2005,403091.741,0,4887.434,47.196605548909,1701300,103.554777788738,60.8680290299995,236931.605830835,0
"Querétaro",2006,427146.948,0,5581.438,49.861748748817,1727527,111.938272123527,64.7968292961712,247259.202316375,0
"Querétaro",2007,451359.319,0,5897.363,52.3072335192,1711320,112.744693290562,65.8817131165193,263749.222237805,0
"Querétaro",2008,451687.485,0,7358.056,56.551685730235,1755579,130.112054220624,74.1134715217165,257286.90363692,0
"Querétaro",2009,430538.218,0,6555.201,61.156226785888,1800943,107.187793369761,59.5175934883896,239062.656619338,0
"Querétaro",2010,470414.969,0,7152.637712,63.457617990894,1848183,112.71519383262,60.9870309556037,254528.34973593,0
"Querétaro",2011,509818.258,0,7916.741884,65.836289448857,1897597,120.248907559559,63.3690438800016,268665.189710987,0
"Querétaro",2012,526760.646,0,8573.624211,69.316807315177,1948352,123.687523171928,63.4831504635341,270362.155298427,0
"Querétaro",2013,522047.708,0,9144.181105,72.79603054976,2000445,125.613732451379,62.7928948065953,260965.789111923,0
"Querétaro",2014,542149.192,0,10017.4139323,75.443204570892,2053019,132.780864615671,64.6759063679738,264074.123035393,0
"Querétaro",2015,574578.187,0,10963.5731159,80.575123364368,2106729,136.066476328205,64.586606216654,272734.740443598,0
"Querétaro",2016,576734.826,0,12460.0145929,88.688069098848,2161784,140.492568160579,64.9891793817414,266786.517986996,0
"Querétaro",2017,591415.259,0,13831.2094395,94.066705167646,2218292,147.036184746239,66.2835121554056,266608.390148817,0
"Querétaro",2018,611367.75,0,15172.478918,100,2299633,151.72478918,65.9778274098519,265854.4863463,0
"Querétaro",2019,609108.252,0,15858.589833,103.882391335588,2370079,152.659075605696,64.4109650377459,256999.134628002,0
"Querétaro",2020,553613.926,0,15768.410704,108.959530580884,2399863,144.718049168674,60.3026294287107,230685.637471806,0
"Querétaro",2021,578175.108,0,17595.86886,113.803813221236,2451930,154.615810858582,63.0588193213435,235804.084129645,0
"Querétaro",2022,589217.592,0,20024.191683,121.574939161015,2461932,164.706573749379,66.9013497323968,239331.38364504,0
"Querétaro",2023,614127.161,0,23614.679743,124.63010409012,2512390,189.478135442495,75.4174851207396,244439.422621488,0
"Quintana Roo",2005,220251.865,0,3599.014,57.827958460193,1149264,62.2365737237197,54.1534179472425,191646.014318729,0
"Quintana Roo",2006,234332.557,0,4282.392,60.717577540879,1190844,70.5296912927202,59.2266420225657,196778.551178828,0
"Quintana Roo",2007,253901.251,0,4594.106,63.486987309094,1194805,72.3629549096895,60.5646569186516,212504.342549621,0
"Quintana Roo",2008,266797.067,0,5574.377,66.262963453043,1243838,84.1250784678573,67.6334687216963,214495.028291466,0
"Quintana Roo",2009,243054.262,0,5092.522,71.156980164372,1294888,71.5674272325262,55.2692026125241,187702.922569365,0
"Quintana Roo",2010,255104.161,0,5694.882465,73.173869555189,1347684,77.8267228399725,57.7484950774607,189290.784041363,0
"Quintana Roo",2011,268258.78,0,6240.575023,73.517412924938,1402218,84.8856723150975,60.5367156284526,191310.324072291,0
"Quintana Roo",2012,280380.539,0,6349.916903,77.868552781404,1459019,81.5466151120821,55.8914003944308,192170.587908725,0
"Quintana Roo",2013,289182.389,0,6903.939696,79.529469202912,1518055,86.8098299309058,57.1849043222451,190495.33053809,0
"Quintana Roo",2014,300005.938,0,7637.3410602,84.968007533238,1578418,89.8849023523637,56.9461969848061,190067.484025144,0
"Quintana Roo",2015,318607.819,0,8332.2117352,88.035646419588,1640853,94.6458857754928,57.6809048558846,194172.067211383,0
"Quintana Roo",2016,339733.437,0,8995.4637706,93.896332906437,1705777,95.8020775908632,56.1633071561307,199166.383999784,0
"Quintana Roo",2017,357116.771,0,10311.1330911,96.696591995115,1773246,106.633883142654,60.1348505185711,201391.555937529,0
"Quintana Roo",2018,377340.667,0,11546.550106,100,1812941,115.46550106,63.6896076926938,208137.312245683,0
"Quintana Roo",2019,376757.268,0,11747.009527,105.315726517053,1852712,111.540886774378,60.2041152507126,203354.470635479,0
"Quintana Roo",2020,292733.432,0,11675.86588,109.552386896485,1882232,106.577923227108,56.6231597524152,155524.628207362,0
"Quintana Roo",2021,332542.125,0,12469.1865,112.552759443634,1902832,110.785258057085,58.2212502507236,174761.684163394,0
"Quintana Roo",2022,356638.784,0,14203.25534,120.418782888179,1936873,117.948836546448,60.8965257641816,184131.217689544,0
"Quintana Roo",2023,403785.229,0,18403.026962,126.647071827385,1933662,145.309533781267,75.1473286340981,208818.929575076,0
"San Luis Potosí",2005,366859.435,162.57,5197.573,48.819636600051,2485631,106.464803140189,42.8321030515749,147592.074205705,65.4039155449864
"San Luis Potosí",2006,377360.11,158.938,5991.675,52.73107536459,2509020,113.627020851988,45.287411360606,150401.395764083,63.3466453037441
"San Luis Potosí",2007,382599.136,184.156,6281.879,56.573717929149,2510767,111.038822088151,44.2250603453649,152383.369703362,73.3465112453684
"San Luis Potosí",2008,396936.763,115.805,7965.509,58.271829560922,2539448,136.695708029421,53.8289061360663,156308.285501416,45.6024301344229
"San Luis Potosí",2009,372395.45,175.241,6996.262,62.688229944807,2568432,111.604076333943,43.4522215631727,144989.41377463,68.2287870576289
"San Luis Potosí",2010,393802.13,185.739,8346.028419,65.54034890568,2596773,127.341836873815,49.0384938821432,151650.579392192,71.5268527514727
"San Luis Potosí",2011,416107.847,150.17,9169.962185,68.035710703624,2623933,134.781603516219,51.3662519264854,158581.734747038,57.2308820385277
"San Luis Potosí",2012,437595.484,165.991,9647.073098,70.708919838853,2651428,136.433608659075,51.4566522866453,165041.435784792,62.6043777164607
"San Luis Potosí",2013,450257.199,130.469,10596.000535,71.763209942591,2679152,147.652265603456,55.111567243462,168059.594603068,48.6978715653311
"San Luis Potosí",2014,460034.176,113.81,11527.9328396,76.369023070147,2706710,150.950377210028,55.7689509441454,169960.644472441,42.0473563846884
"San Luis Potosí",2015,480024.605,120.09,12156.9620715,82.231534777264,2734379,147.838199839379,54.0664625640334,175551.598735947,43.918564324843
"San Luis Potosí",2016,505856.104,84.993,14026.1036229,88.942845493469,2762358,157.697941246212,57.0881620869605,183124.744873764,30.768278405623
"San Luis Potosí",2017,540243.664,71.366,17398.779026,95.494104304757,2790608,182.197415774214,65.2895052885301,193593.533738884,25.573638432915
"San Luis Potosí",2018,557795.952,66.126,17760.943656,100,2804893,177.60943656,63.3212876783535,198865.322848323,23.5752308555086
"San Luis Potosí",2019,534391.92,65.739,19116.589022,103.78075177484,2819905,184.201681863655,65.3219459037289,189507.064954316,23.312487477415
"San Luis Potosí",2020,500250.925,57.172,18059.817528,110.854346945985,2834590,162.914833973988,57.4738618191653,176480.875541084,20.1694072158584
"San Luis Potosí",2021,516190.984,52.249,18694.43133,117.025321387636,2854185,159.746891598583,55.9693543335778,180854.073579673,18.3061013914655
"San Luis Potosí",2022,532770.612,53.379,22111.925893,126.70313729692,2852489,174.51758784143,61.1808101070434,186773.94093369,18.7131308832392
"San Luis Potosí",2023,575595.49,52.813,22719.315844,130.071892328413,2869733,174.667373844589,60.8653745294732,200574.579586324,18.4034542586366
"Sinaloa",2005,393983.567,0,6748.176,53.523302407179,2701240,126.079215902322,46.6745701612304,145852.855355318,0
"Sinaloa",2006,411251.1,0,8012.493,55.278070502425,2733836,144.948854530813,53.0203181649567,150430.055058167,0
"Sinaloa",2007,431732.231,0,8133.127,59.625931426,2708145,136.402514904003,50.3675079820329,159419.909569096,0
"Sinaloa",2008,452116.581,0,10392.117,63.421403693221,2731053,163.85819920146,59.9981762351224,165546.615536205,0
"Sinaloa",2009,437071.056,0,9395.164,68.515295828695,2754235,137.1250592494,49.7869859505091,158690.546013684,0
"Sinaloa",2010,441733.31,0,11008.075666,70.429885624881,2778930,156.298360679307,56.2440798002494,158958.055798455,0
"Sinaloa",2011,452498.76,0,11695.659089,73.332997199816,2806019,159.486991335319,56.8374595237305,161260.048488624,0
"Sinaloa",2012,466781.777,0,12366.414168,77.119476967071,2833283,160.353968340323,56.5965236583579,164749.436254691,0
"Sinaloa",2013,465716.02,0,12911.281023,79.533831797326,2860868,162.336966938818,56.7439556591977,162788.363531627,0
"Sinaloa",2014,465691.046,0,14764.882496,81.891531365196,2888262,180.298038757584,62.4244056659624,161235.734846769,0
"Sinaloa",2015,485181.193,0,15214.512919,85.654641399095,2915736,177.626252010212,60.9198679202137,166400.933760807,0
"Sinaloa",2016,507491.757,0,16357.008112,91.357466324325,2943441,179.044020922511,60.8281331008539,172414.448599445,0
"Sinaloa",2017,518703.286,0,18597.995627,95.657215288974,2971467,194.423343506464,65.4300867236501,174561.348317178,0
"Sinaloa",2018,527714.061,0,20736.576508,100,2996855,207.36576508,69.1944605528129,176089.287269488,0
"Sinaloa",2019,522342.467,0,21395.460185,105.548130552441,3020520,202.708092251523,67.1103294305361,172931.305536795,0
"Sinaloa",2020,484352.671,0,20633.013498,111.401105290901,3042541,185.21372336586,60.8746844712562,159193.473810213,0
"Sinaloa",2021,507429.021,0,23269.26082,118.729349143789,3067045,195.985752367087,63.9005141323608,165445.574160144,0
"Sinaloa",2022,516396.663,0,25595.581252,127.951127755448,3068972,200.041857395119,65.1820405644363,168263.725768759,0
"Sinaloa",2023,517683.535,0,28117.841998,133.599074577483,3088878,210.464347054235,68.1361798861059,167595.979834749,0
"Sonora",2005,559241.969,0,8670.423,49.358839161086,2516753,175.660999070571,69.7966781287521,222207.729165317,0
"Sonora",2006,605738.979,0,10104.022,52.871524716589,2558331,191.105175312445,74.6991594568665,236771.152364569,0
"Sonora",2007,614338.181,0,10277.82,56.85470377756,2543362,180.77343328023,71.0765645158771,241545.710362898,0
"Sonora",2008,623269.542,0,13010.546,59.662768504096,2588788,218.06809047265,84.2355922820449,240757.274060294,0
"Sonora",2009,574217.794,0,11604.815,64.381622942183,2635066,180.250426591786,68.4045206426655,217914.00822598,0
"Sonora",2010,595753.065,0,13020.734096,66.043018343515,2674173,197.155345448843,73.7257258407902,222780.300676134,0
"Sonora",2011,648753.485,0,14400.054173,69.621945383461,2702442,206.832114410018,76.535264923361,240061.945825294,0
"Sonora",2012,681378.519,0,14867.265524,72.674159838021,2731075,204.574302023398,74.9061457570363,249490.958322272,0
"Sonora",2013,709513.53,0,15811.372625,73.67297209963,2759922,214.615647698017,77.7614902515421,257077.384795657,0
"Sonora",2014,721989.413,0,17165.075512,76.197879372505,2788563,225.269727364536,80.7834455827378,258910.920427475,0
"Sonora",2015,760030.956,0,17843.366001,80.820492001118,2817447,220.777745336581,78.3609222592584,269758.741158219,0
"Sonora",2016,792034.337,0,18664.163737,88.051223592343,2846580,211.969385268407,74.4645803976726,278240.673720746,0
"Sonora",2017,784601.397,0,21399.505096,95.024405239493,2876023,225.200095092057,78.3026057483049,272807.761620822,0
"Sonora",2018,782097.739,0,23232.304211,100,2907027,232.32304211,79.9177448678667,269036.971104844,0
"Sonora",2019,783103.494,0,24267.789737,102.750873053824,2941556,236.180861687548,80.2911322060664,266220.834823474,0
"Sonora",2020,731237.968,0,22738.316116,110.284651411864,2960211,206.1784285021,69.6499095848572,247022.245373725,0
"Sonora",2021,760930.124,0,24079.8927,120.789599335142,2974426,199.35402412577,67.022687444828,255824.190616946,0
"Sonora",2022,790057.513,0,28760.069863,127.017780792878,3000220,226.425542026259,75.4696462346959,263333.193232496,0
"Sonora",2023,827423.757,0,29566.161001,129.04749591327,3002935,229.110691313768,76.2955879210734,275538.35064695,0
"Tabasco",2005,443012.195,185146.339,13432.365,55.5715284542,2130503,241.713074548066,113.453524612763,207937.841439322,86902.6417705115
"Tabasco",2006,478124.997,208382.328,14577.518,60.980330630988,2157322,239.052787171873,110.809970496696,221628.944126097,96593.0575037013
"Tabasco",2007,490366.571,225769.804,13032.404,67.14656003743,2146389,194.088930136335,90.4257942695082,228461.183410836,105185.874508302
"Tabasco",2008,510292.455,233494.199,16159.449,77.107505538172,2181622,209.570376933025,96.0617269779204,233905.073839556,107027.798124515
"Tabasco",2009,523308.944,256768.104,15240.28,68.836678816634,2217454,221.397665633997,99.843183053176,235995.400130059,115794.106213703
"Tabasco",2010,548305.605,273962.453,16533.435265,77.385604876317,2244771,213.650010120421,95.1767508224316,244259.038004322,122044.722156514
"Tabasco",2011,569065.838,281310.336,17174.687666,91.861672075982,2259606,186.962497828193,82.7411937427115,251842.948726459,124495.304048582
"Tabasco",2012,595176.484,294586.733,18650.199953,93.90416540718,2274447,198.608867584632,87.3218270571405,261679.645206066,129520.157207444
"Tabasco",2013,597199.661,291996.857,19390.164058,90.283418797855,2289508,214.769935788704,93.8061521465328,260841.919311922,127536.945492219
"Tabasco",2014,594889.244,283595.256,19688.637245,92.854619001987,2304355,212.037241190755,92.0158748069439,258158.679543733,123069.256256089
"Tabasco",2015,553280.082,242218.213,21028.760324,75.358598215361,2319236,279.049250145334,120.319471647273,238561.354687492,104438.794930744
"Tabasco",2016,532828.921,232765.682,22336.225799,78.242351075384,2334154,285.474880189627,122.303361384736,228274.964291131,99721.6473291822
"Tabasco",2017,502350.996,213890.324,21678.211744,91.392438286317,2349282,237.19918354827,100.966671326929,213831.713689544,91044.976294885
"Tabasco",2018,471565.25,185538.673,24078.087806,100,2367062,240.78087806,101.721407407157,199219.644436859,78383.5290330376
"Tabasco",2019,445870.998,163569.783,26072.344982,108.323100216534,2388467,240.690535351022,100.771974388184,186676.641544556,68483.1663992008
"Tabasco",2020,464760.608,189573.538,24102.922146,103.128017037107,2416673,233.718467963244,96.7108367425979,192314.230348914,78444.0170432657
"Tabasco",2021,545415.761,209264.292,26180.53699,108.454972206056,2427707,241.395451563613,99.4335195983754,224662.927198381,86198.3311824697
"Tabasco",2022,637705.237,270143.118,28151.841016,113.289033880084,2467247,248.495728596279,100.717815685369,258468.340218875,109491.720123684
"Tabasco",2023,656392.215,311545.418,30583.587293,116.852418184149,2500639,261.728321657862,104.664576397418,262489.793608754,124586.322935858
"Tamaulipas",2005,638372.449,22424.159,8881.394,53.019558336234,3095598,167.511655673872,54.1128582179831,206219.428039429,7243.88599553301
"Tamaulipas",2006,657147.376,24058.408,10146.879,56.761878327884,3150165,178.762213283125,56.7469365201903,208607.287554779,7637.18979799471
"Tamaulipas",2007,670947.628,24660.605,10803.347,59.689037159842,3131292,180.993822551863,57.8016430763605,214271.817511749,7875.53667942817
"Tamaulipas",2008,686326.364,23051.879,13548.308,63.224294848741,3183770,214.289586501727,67.3068678019227,215570.334540498,7240.43476758685
"Tamaulipas",2009,630178.749,22255.766,12125.49,64.417650649784,3237052,188.232415769429,58.1493333345987,194676.745693304,6875.31927197957
"Tamaulipas",2010,642628.688,24950.053,14170.704062,66.927547125005,3278721,211.73200977368,64.5776233396133,195999.808461897,7609.69079101271
"Tamaulipas",2011,647447.553,22930.343,14842.287264,68.923549395205,3303318,215.344209551584,65.1902752177006,195999.159935556,6941.60931524001
"Tamaulipas",2012,676616.007,23907.199,15754.394374,71.978635291139,3328021,218.875980494443,65.767607985179,203308.815359038,7183.6082164145
"Tamaulipas",2013,680107.018,23870.56,16847.430263,72.980479081014,3352961,230.848447079911,68.849129793013,202837.735959351,7119.24773357042
"Tamaulipas",2014,687652.552,22492.64,18647.227313,77.87163931008,3377614,239.461085938462,70.896522201312,203591.219126875,6659.32815295057
"Tamaulipas",2015,712997.104,20992.631,19963.352042,82.16572209247,3402299,242.964481216791,71.4118545186037,209563.328796205,6170.13113779829
"Tamaulipas",2016,709959.659,16555.674,21853.939447,87.368652308173,3427227,250.134789419839,72.9845993334667,207152.796998857,4830.63246175406
"Tamaulipas",2017,709149.522,13872.219,23715.23485,94.826078159579,3452351,250.091908368187,72.4410433261819,205410.609176182,4018.19484751116
"Tamaulipas",2018,732093.584,14761.664,25949.997027,100,3492812,259.49997027,74.2954302350084,209600.054053868,4226.29789407503
"Tamaulipas",2019,752813.525,21088.278,27689.979256,103.381547110222,3522771,267.842569878335,76.0317857386514,213699.251242843,5986.27557681155
"Tamaulipas",2020,691399.975,20470.404,26407.036105,108.01955582946,3535780,244.465327618002,69.140423787114,195543.833326734,5789.50160926302
"Tamaulipas",2021,725029.605,20619.889,28035.03669,112.264533528945,3553732,249.723005198002,70.2706352639991,204019.212759994,5802.31964593841
"Tamaulipas",2022,748690.033,12173.29,31988.553801,120.481467929466,3589293,265.506009768467,73.9716734656286,208589.834544017,3391.55649873109
"Tamaulipas",2023,748220.473,17085.607,34097.795129,125.994133817293,3577892,270.630021382154,75.6395166154132,209123.269511768,4775.32776282794
"Tlaxcala",2005,111972.309,0,2765.044,52.976706946358,1104050,52.1935801483427,47.2746525504666,101419.599655813,0
"Tlaxcala",2006,117236.121,0,3207.806,55.033247816174,1119284,58.2885097153441,52.0766040748766,104742.068143563,0
"Tlaxcala",2007,118240.101,0,3241.528,57.811455184735,1114228,56.0706868498947,50.322453618016,106118.40754316,0
"Tlaxcala",2008,119841.564,0,4113.913,60.775617881622,1135508,67.6901879963282,59.61225107734,105540.043751343,0
"Tlaxcala",2009,114299.182,0,3913.87,64.828681801065,1157131,60.3725062929739,52.1743054960708,98778.083034678,0
"Tlaxcala",2010,121829.162,0,4566.813915,66.851847835907,1176425,68.3124560178141,58.0678377438546,103558.800603523,0
"Tlaxcala",2011,125891.351,0,4941.31705,69.596131349802,1192221,70.9998810877016,59.5526174154805,105593.972090745,0
"Tlaxcala",2012,128974.598,0,5145.600912,73.495635163755,1208228,70.0123333927944,57.9462927467286,106746.903730091,0
"Tlaxcala",2013,128120.564,0,5460.362666,76.375131317717,1224431,71.4939872677291,58.3895599406819,104636.818244556,0
"Tlaxcala",2014,130495.959,0,6101.1947013,80.674980901133,1240548,75.6268502719201,60.9624539090145,105192.1884522,0
"Tlaxcala",2015,137053.7,0,6321.901061,84.553668379621,1256832,74.7679099222109,59.4891838544936,109046.952973826,0
"Tlaxcala",2016,139167.799,0,6952.63288,89.497697667835,1273324,77.6850473383601,61.0096466715149,109294.884098627,0
"Tlaxcala",2017,143920.437,0,7644.8519807,94.802515781689,1290018,80.6397585302962,62.5105684806694,111564.673516183,0
"Tlaxcala",2018,147752.939,0,8241.1804033,100,1306250,82.411804033,63.0903762932058,113112.297799043,0
"Tlaxcala",2019,147876.82,0,8580.6550941,103.588536053183,1329673,82.834022190396,62.2965362088243,111212.922274875,0
"Tlaxcala",2020,135083.245,0,8607.403441,108.691827028585,1350929,79.1908984907976,58.6195858485513,99992.8530662973,0
"Tlaxcala",2021,143213.33,0,9098.30564,113.06696869628,1361706,80.4682901196355,59.0937325088055,105171.990135903,0
"Tlaxcala",2022,146637.527,0,9660.569149,122.132044684578,1402979,79.0993811161492,56.3795902263321,104518.689873476,0
"Tlaxcala",2023,148814.343,0,11230.359663,126.834286396708,1419883,88.5435632749496,62.3597601175235,104807.468643543,0
"Veracruz",2005,940665.082,41864.952,16059.105,49.588079745475,7424629,323.850108381449,43.6183556621413,126695.230428349,5638.65911683937
"Veracruz",2006,992039.256,47741.17,18346.711,54.063149694552,7470243,339.357050110027,45.4278462039357,132798.793292266,6390.84565254437
"Veracruz",2007,1024390.917,52966.642,19087.293,57.117469834028,7452623,334.176094555026,44.8400643042089,137453.741722881,7107.11409929095
"Veracruz",2008,1013361.517,55451.318,24593.585,62.062596758349,7525834,396.270641007162,52.6547145482032,134651.058872678,7368.12929968958
"Veracruz",2009,996543.788,56621.312,21614.626,65.525219951499,7599748,329.867278827891,43.4050285388267,131128.530577593,7450.41967181017
"Veracruz",2010,1029013.319,61424.9729999999,25972.583532,70.428485483967,7656333,368.779526544166,48.1665996690799,134400.282615712,8022.76664298691
"Veracruz",2011,1047541.989,60431.166,28944.646987,73.961550003319,7687952,391.347220085316,50.9039624708006,136257.613080831,7860.5025109418
"Veracruz",2012,1084722.594,66865.953,29668.904353,79.488387885465,7719682,373.248283708433,48.3502149063178,140513.896038723,8661.74966792674
"Veracruz",2013,1074459.351,55822.286,31761.983972,79.793328077239,7751555,398.053129721006,51.3513907494698,138612.104410018,7201.43068068278
"Veracruz",2014,1074852.021,56895.389,34439.14908,82.256593161302,7782997,418.679497368268,53.7941229282586,138102.587088239,7310.21597464319
"Veracruz",2015,1082921.837,49040.736,34408.688507,84.793836048575,7814427,405.792332443701,51.9286100495533,138579.813593498,6275.66627725872
"Veracruz",2016,1059514.085,44017,37119.401817,89.103471522042,7845962,416.587605207027,53.0957969471464,135039.410718533,5610.14697751531
"Veracruz",2017,1032743.718,37595.799,43414.414079,93.998865553981,7877596,461.861042930016,58.6296939992881,131098.842591065,4772.49645704095
"Veracruz",2018,1029905.4,36704.713,49010.068339,100,7945095,490.10068339,61.6859437665629,129627.826980042,4619.79535801649
"Veracruz",2019,1053328.002,34759.842,51005.7787,104.424237171281,8012029,488.447702197127,60.9642953360662,131468.321195542,4338.45683783721
"Veracruz",2020,971252.079,33122.903,49714.696728,108.826770912889,8108550,456.824146402308,56.3385742706535,119781.228333056,4084.93540768695
"Veracruz",2021,1027896.032,42486.371,59511.49007,113.096705971135,8158147,526.200029956564,64.4999446512259,125996.262631698,5207.84572771243
"Veracruz",2022,1041960.374,42607.677,60598.710134,120.777337545852,8150203,501.739079245676,61.5615438346353,127844.7142973,5227.80561416691
"Veracruz",2023,1067881.105,41532.659,66213.182168,126.973478007179,8126037,521.47254062188,64.1730453137095,131414.748050003,5111.05954846132
"Yucatán",2005,258320.6,0,4415.739,51.98941315559,1857250,84.9353499487465,45.7317808312001,139087.683402881,0
"Yucatán",2006,270589.952,0,5391.488,54.206133271349,1882245,99.4626931423221,52.8425859238952,143759.155689084,0
"Yucatán",2007,276668.944,0,5484.761,57.83726705517,1876593,94.8309157617731,50.5335550978678,147431.512320466,0
"Yucatán",2008,280991.471,0,6917.229,61.034183845388,1906791,113.333685554357,59.4368683061524,147363.539580374,0
"Yucatán",2009,272887.758,0,6354.695,66.49719332591,1937457,95.5633566195034,49.3241174485438,140848.420377846,0
"Yucatán",2010,283033.049,0,7023.810066,68.301010317703,1969574,102.8361078896,52.212360586401,143702.673268433,0
"Yucatán",2011,289260.514,0,7594.154866,70.938480390034,2003504,107.05268599279,53.4327288554403,144377.30795646,0
"Yucatán",2012,299649.182,0,8000.116637,74.374121935698,2038092,107.56586335119,52.7777270855239,147024.364945253,0
"Yucatán",2013,302445.463,0,9043.523495,77.789745849155,2073313,116.255984593865,56.0725682006839,145875.448135424,0
"Yucatán",2014,312685.721,0,10081.2929697,81.690402165822,2108434,123.40853640598,58.5308984800948,148302.351887704,0
"Yucatán",2015,322098.079,0,10818.9098592,84.658355879235,2143903,127.794944123805,59.6085476459544,150239.110164966,0
"Yucatán",2016,336107.728,0,11653.026783,90.180772636088,2180140,129.218528987594,59.2707482031404,154167.9561863,0
"Yucatán",2017,349598.977,0,13248.9407186,95.241087905129,2216824,139.109506306747,62.7517143024196,157702.630880936,0
"Yucatán",2018,364797.901,0,14614.0684348,100,2258004,146.140684348,64.721180453179,161557.685903125,0
"Yucatán",2019,365825.755,0,15028.483585,104.534800454386,2308114,143.765363493067,62.286942279743,158495.531416559,0
"Yucatán",2020,333528.2,0,14538.973094,110.43424124257,2339246,131.652763947234,56.2799996012537,142579.361041977,0
"Yucatán",2021,358659.836,0,15551.50864,114.914083382339,2358184,135.331616302046,57.3880648422879,152091.539930726,0
"Yucatán",2022,369103.475,0,18991.924373,124.379105073449,2368695,152.693849676638,64.463280277384,155825.665609122,0
"Yucatán",2023,389194.036,0,20789.355555,130.157315154747,2376342,159.724833984806,67.214581901429,163778.629507032,0
"Zacatecas",2005,150277.013,0,3552.981,50.296013669103,1440973,70.6414035787216,49.0234054203108,104288.569598459,0
"Zacatecas",2006,159901.098,0,4358.24,53.550689189139,1452263,81.3853204504402,56.0403456195195,110104.77991934,0
"Zacatecas",2007,165494.332,0,4344.108,56.728267285915,1455146,76.5774843448919,52.6252928193404,113730.396812416,0
"Zacatecas",2008,172265.574,0,5544.921,59.487744196644,1468862,93.2111492019362,63.4580710794726,117278.256228291,0
"Zacatecas",2009,180057.64,0,5218.609,63.6715026366,1482626,81.9614550293369,55.2812745961132,121445.084599892,0
"Zacatecas",2010,197186.988,0,6038.793241,66.317806426457,1497362,91.0583984362738,60.8125479585256,131689.590092443,0
"Zacatecas",2011,197227.212,0,6624.003584,73.775010316528,1513566,89.7865490710207,59.321198461792,130306.317663055,0
"Zacatecas",2012,201298.32,0,6718.045743,77.439873815142,1529839,86.7517651053611,56.7064672199892,131581.375556513,0
"Zacatecas",2013,196163.855,0,7282.554643,74.34012142553,1546416,97.9626412138064,63.3481813521112,126850.637215342,0
"Zacatecas",2014,211201.498,0,7660.6022963,75.494591899154,1562856,101.472199578654,64.9274146681806,135138.168839612,0
"Zacatecas",2015,214605.466,0,8214.1354289,80.763872994735,1579334,101.705566168619,64.397756376181,135883.521788298,0
"Zacatecas",2016,216654.627,0,9609.2427398,91.683405404492,1596021,104.808964036683,65.6689129006966,135746.72701675,0
"Zacatecas",2017,220568.037,0,10440.0631087,97.621866671462,1612874,106.943899606377,66.3064192282705,136754.660934456,0
"Zacatecas",2018,228388.213,0,11066.8737728,100,1618419,110.668737728,68.3807702010419,141118.099206695,0
"Zacatecas",2019,219746.547,0,11200.8100355,104.286434134503,1621927,107.404286362441,66.220172894613,135484.856593423,0
"Zacatecas",2020,210643.065,0,10649.084486,113.59573361696,1629076,93.7454616201367,57.5451738409606,129302.171906038,0
"Zacatecas",2021,221592.281,0,10997.0176,119.728750840378,1632204,91.8494306740174,56.2732542464161,135762.613619376,0
"Zacatecas",2022,225007.308,0,14696.413446,127.789644503458,1635256,115.004729085089,70.3282722002481,137597.604289481,0
"Zacatecas",2023,228807.132,0,13603.84997,133.265198656482,1644586,102.081039214647,62.0709644948008,139127.495916906,0
